sample_id,split,instrument_type,features_path,features_md5_hash
S0000,train,commercial,train_features/S0000.csv,017b9a71a702e81a828e6242aa15f049
S0001,train,commercial,train_features/S0001.csv,0d09840214054d254bd49436c6a6f315
S0002,train,commercial,train_features/S0002.csv,3f58b3c9b001bfed6ed4e4f757083e09
S0003,train,commercial,train_features/S0003.csv,e9a12f96114a2fda60b36f4c0f513fb1
S0004,train,commercial,train_features/S0004.csv,b67603d3931897bfa796ac42cc16de78
S0766,val,commercial,val_features/S0766.csv,209b300bbcbd2645e26a38bfc5747b3e
S0767,val,commercial,val_features/S0767.csv,29518759ed9139ed777183de6581b251
S0768,val,commercial,val_features/S0768.csv,c098a40a338ed1d3a33f742e67bd3455
S0769,val,commercial,val_features/S0769.csv,b64e60026f685208954addce4df2bd76
S0770,val,commercial,val_features/S0770.csv,b6dad047178c0faab63fb9d4c15418d1
